sl_mult,tp_mult,rr_ratio,final_equity,ret,ret_2026,mdd,win_rate,trades,win_count,loss_count,fees
1.5,3.0,2.0,1363.2842725120681,0.36328427251206813,0.1344212050190219,-0.1445608129819799,45.09803921568628,51,23,28,56.39380034543807
1.5,3.5,2.3333333333333335,1355.0998339111345,0.35509983391113453,0.178208855542303,-0.14448615020438604,44.44444444444444,36,16,20,43.365066999787935
1.5,2.5,1.6666666666666667,1310.4104907258686,0.3104104907258686,0.11694385724635425,-0.1509930530882154,48.97959183673469,49,24,25,52.31939437932304
2.0,3.0,1.5,1245.1023322171234,0.24510233221712338,-0.00658340269920956,-0.14306521043633869,51.162790697674424,43,22,21,48.58020508557334
2.0,2.5,1.25,1197.9346847897375,0.1979346847897375,0.0066373004473206775,-0.14565837412914848,54.761904761904766,42,23,19,45.54219391333689
1.2,2.5,2.0833333333333335,1196.540038215106,0.19654003821510604,0.09058563020036874,-0.17984402743350897,40.0,70,28,42,66.49017044807879
1.2,3.0,2.5,1192.5404588929969,0.19254045889299687,0.0517227848637662,-0.1866013908537177,35.82089552238806,67,24,43,69.07120304432391
1.5,4.0,2.6666666666666665,1158.2984135508807,0.1582984135508807,0.12336761510979777,-0.16378582305544434,35.483870967741936,31,11,20,29.15576978295183
2.0,3.5,1.75,1124.0193484814765,0.12401934848147653,-0.0423371452613845,-0.1674304578470291,46.666666666666664,30,14,16,32.547593689398425
2.5,4.0,1.6,1097.8392583538912,0.09783925835389118,0.11162994114052274,-0.18218380260641806,47.82608695652174,23,11,12,21.722501751308563
2.0,4.0,2.0,1096.709715426199,0.09670971542619895,0.13840853215401194,-0.22475476343093248,40.909090909090914,22,9,13,20.184084581439464
2.5,2.0,0.8,1073.753068958105,0.0737530689581049,-0.06196489126813105,-0.17073641731335643,62.0,50,31,19,51.0216936820351
2.0,1.5,0.75,1068.0413903492024,0.0680413903492024,0.08000622430262384,-0.21278282783206362,63.38028169014085,71,45,26,64.57929306384939
2.5,5.0,2.0,1057.6201868367941,0.05762018683679412,0.10829122061088871,-0.21343244869467087,40.0,15,6,9,15.738145849806216
2.5,3.5,1.4,1052.0653116852668,0.052065311685266805,-0.06484807063221745,-0.21387373949125538,50.0,30,15,15,31.905287550613462
1.5,5.0,3.3333333333333335,1046.891146470467,0.04689114647046699,0.1362364582099379,-0.24565173186795503,29.166666666666668,24,7,17,22.420512399257063
2.5,2.5,1.0,1038.7083783555997,0.03870837835559973,-0.038493261815759405,-0.16170132871280904,55.00000000000001,40,22,18,39.16883119500472
2.0,2.0,1.0,1025.614695181696,0.025614695181696106,-0.011109360446917734,-0.21040140745771377,55.932203389830505,59,33,26,54.2172048640911
1.2,3.5,2.916666666666667,1020.9364076122199,0.02093640761221991,-0.0441372005581419,-0.18660139085371816,30.612244897959183,49,15,34,54.84961068289541
2.5,3.0,1.2,1018.2153709372659,0.018215370937265902,-0.0898309495856365,-0.2217274618568729,52.77777777777778,36,19,17,37.72917802178119
1.2,1.5,1.25,982.923352532126,-0.017076647467873955,0.10735826215364577,-0.28292661718684314,48.07692307692308,104,50,54,82.0270864591876
2.0,5.0,2.5,979.3635157302392,-0.020636484269760787,0.1371725977150798,-0.2826644529141249,31.57894736842105,19,6,13,18.46669286211504
1.2,4.0,3.3333333333333335,960.471863653696,-0.039528136346304,-0.09491776000867655,-0.21149425855173226,25.64102564102564,39,10,29,35.376534079152414
1.5,1.5,1.0,958.9612620068002,-0.041038737993199785,0.10084057889888201,-0.2873172324150127,53.125,96,51,45,75.43373785352176
1.2,5.0,4.166666666666667,955.7436563889732,-0.044256343611026754,0.12857539120657496,-0.3115244065440851,21.875,32,7,25,31.185522043467355
1.0,2.5,2.5,954.0010062541282,-0.045998993745871755,0.021698281659247382,-0.28735432495140456,32.926829268292686,82,27,55,63.48307584961406
0.8,2.5,3.125,952.6673943387118,-0.0473326056612882,0.0506165990630061,-0.28961572341592207,29.591836734693878,98,29,69,74.75895077836417
1.5,2.0,1.3333333333333333,940.2720476633228,-0.059727952336677166,0.008487865789187058,-0.2579637419806989,45.67901234567901,81,37,44,64.92536393817014
2.5,1.5,0.6,938.009036370944,-0.061990963629055956,-0.07058924547368514,-0.20280281968654731,64.51612903225806,62,40,22,58.022943614756926
1.2,2.0,1.6666666666666667,930.7776944657829,-0.06922230553421707,-0.006367154773909656,-0.28791643954664087,40.65934065934066,91,37,54,71.64332326091139
1.0,2.0,2.0,926.6528390005665,-0.07334716099943353,0.039996793755953296,-0.2997667147997009,37.37373737373738,99,37,62,75.49305429425215
0.8,3.5,4.375,925.7550560118102,-0.07424494398818979,0.01387612341649696,-0.26661255264913203,24.242424242424242,66,16,50,55.27081660856813
1.0,3.5,3.5,925.6643193285697,-0.07433568067143029,-0.016348859606313416,-0.2624711596607172,26.31578947368421,57,15,42,51.37091887726777
1.0,3.0,3.0,918.5868044297985,-0.08141319557020153,-0.037950991777234606,-0.24606165312263045,28.749999999999996,80,23,57,67.57482662122835
1.0,1.5,1.5,892.8308054777643,-0.10716919452223567,0.09116037279903941,-0.2921696995502738,42.608695652173914,115,49,66,86.87347417964854
0.8,2.0,2.5,887.4067752904363,-0.11259322470956375,0.07214924995029781,-0.30522184854336,32.743362831858406,113,37,76,83.24354956527931
0.8,3.0,3.75,882.8507791978881,-0.11714922080211193,-0.020420680103122816,-0.2712830685456295,25.510204081632654,98,25,73,79.87422014364276
0.8,1.5,1.875,829.2851334819427,-0.1707148665180573,0.11055445451715201,-0.3534478396152945,37.404580152671755,131,49,82,94.60287016611439
0.8,4.0,5.0,814.6580819711282,-0.18534191802887176,-0.03825976538510788,-0.30971593228574645,18.461538461538463,65,12,53,47.08174617347092
1.0,4.0,4.0,809.380484632989,-0.190619515367011,-0.057235655410416315,-0.31119925612696697,20.0,55,11,44,41.650005388450566
0.8,5.0,6.25,718.8409566861261,-0.28115904331387387,-0.009426272065383193,-0.4125434047521766,13.793103448275861,58,8,50,46.1738280185961
1.0,5.0,5.0,698.7147820360871,-0.30128521796391294,-0.030200256720270418,-0.4305242562267281,13.953488372093023,43,6,37,34.57862970585811
