date,equity,pos_state,pos_weight,btc_close,btc_bh_equity,peak,drawdown,year_quarter
2025-01-01,1006.8933493940754,1,0.7,94591.79,1000.0,1006.8933493940754,0.0,2025Q1
2025-01-02,1024.724146861488,1,0.7,96984.79,1025.2981786262847,1024.724146861488,0.0,2025Q1
2025-01-03,1033.5209660031792,1,0.7,98174.18,1037.8721028537466,1033.5209660031792,0.0,2025Q1
2025-01-04,1033.862307115493,1,0.7,98220.5,1038.3617859435794,1033.862307115493,0.0,2025Q1
2025-01-05,1034.9167634086284,1,0.7,98363.61,1039.8747079424124,1034.9167634086284,0.0,2025Q1
2025-01-06,1063.4337236048373,1,0.7,102235.6,1080.808387281814,1063.4337236048373,0.0,2025Q1
2025-01-07,1024.9814819002456,1,0.7,96954.61,1024.9791234524687,1063.4337236048373,-0.036158569030748704,2025Q1
2025-01-08,1010.9654340949546,1,0.7,95060.61,1004.9562440884141,1063.4337236048373,-0.04933856087620126,2025Q1
2025-01-09,992.2938114618413,1,0.7,92552.49,978.4410465221138,1063.4337236048373,-0.06689642294006368,2025Q1
2025-01-10,1008.6068114916491,1,0.7,94726.11,1001.4199963865786,1063.4337236048373,-0.05155649185859504,2025Q1
2025-01-11,1007.6667977642225,1,0.7,94599.99,1000.0866882844697,1063.4337236048373,-0.052440433853814215,2025Q1
2025-01-12,1007.2572227099245,1,0.7,94545.06,999.505982495944,1063.4337236048373,-0.05282557779387059,2025Q1
2025-01-13,1007.1904025365507,1,0.7,94536.1,999.4112596875481,1063.4337236048373,-0.052888412150060925,2025Q1
2025-01-14,1022.2906995406362,1,0.7,96560.86,1020.8165000366312,1063.4337236048373,-0.03868884647059535,2025Q1
2025-01-15,1051.4636582434098,1,0.7,100497.35,1062.4320567355794,1063.4337236048373,-0.011256052065803641,2025Q1
2025-01-16,1047.7281435535106,1,0.7,99987.3,1057.0399397241558,1063.4337236048373,-0.01476874364872292,2025Q1
2025-01-17,1077.7297306424687,1,0.7,104077.48,1100.2802674523869,1077.7297306424687,0.0,2025Q1
2025-01-18,1081.1999739264295,1,0.7,104556.23,1105.341488938945,1081.1999739264295,0.0,2025Q1
2025-01-19,1057.8579730189263,1,0.7,101331.57,1071.251215353891,1081.1999739264295,-0.02158897657270157,2025Q1
2025-01-20,1106.8964443158711,0,0.0,102260.01,1081.0664435042409,1106.8964443158711,0.0,2025Q1
2025-01-21,1106.8964443158711,0,0.0,106143.82,1122.1250808341824,1106.8964443158711,0.0,2025Q1
2025-01-22,1096.291606910631,1,0.4,103706.66,1096.3600540808036,1106.8964443158711,-0.009580695158700832,2025Q1
2025-01-23,1097.152854103417,1,0.4,103910.34,1098.5133064930899,1106.8964443158711,-0.008802621295324753,2025Q1
2025-01-24,1101.208051245091,1,0.4,104870.5,1108.663870299949,1106.8964443158711,-0.005139047198128787,2025Q1
2025-01-25,1100.6886892680375,1,0.4,104746.85,1107.356674400601,1106.8964443158711,-0.005608252768099197,2025Q1
2025-01-26,1091.7490419611458,1,0.4,102620.0,1084.8721649098723,1106.8964443158711,-0.013684570433404259,2025Q1
2025-01-27,1076.4437380876466,0,0.0,102082.83,1079.193342255179,1106.8964443158711,-0.02751179334309467,2025Q1
2025-01-28,1076.4437380876466,0,0.0,101335.52,1071.2929737348243,1106.8964443158711,-0.02751179334309467,2025Q1
2025-01-29,1093.506712554875,1,0.7,103733.24,1096.6410509833888,1106.8964443158711,-0.012096643574703766,2025Q1
2025-01-30,1100.8097767934055,1,0.7,104722.94,1107.103904049178,1106.8964443158711,-0.005498859042977196,2025Q1
2025-01-31,1083.9347483790798,1,0.7,102429.56,1082.858882361778,1106.8964443158711,-0.020744213295384686,2025Q1
2025-02-01,1070.6462311861396,1,0.7,100635.65,1063.8941286553516,1106.8964443158711,-0.03274941690876631,2025Q1
2025-02-02,1048.7882946684779,1,0.7,97700.59,1032.8654315559522,1106.8964443158711,-0.05249646427702421,2025Q1
2025-02-03,1021.8853141726555,0,0.0,101328.52,1071.2189715407649,1106.8964443158711,-0.07680133998059559,2025Q1
2025-02-04,1021.8853141726555,0,0.0,97763.13,1033.5265883011623,1106.8964443158711,-0.07680133998059559,2025Q1
2025-02-05,1012.7563704328026,1,0.7,96612.43,1021.3616847720082,1106.8964443158711,-0.0850486731315257,2025Q1
2025-02-06,1012.3301869386465,1,0.7,96554.35,1020.747677996156,1106.8964443158711,-0.08543369875550756,2025Q1
2025-02-07,1011.9812082518007,1,0.7,96506.8,1020.2449916636529,1106.8964443158711,-0.08574897548138188,2025Q1
2025-02-08,1011.5256705316724,1,0.7,96444.74,1019.5889093546069,1106.8964443158711,-0.08616052050211763,2025Q1
2025-02-09,1011.6578944780316,1,0.7,96462.75,1019.7793064281794,1106.8964443158711,-0.08604106583493697,2025Q1
2025-02-10,1018.7647721125086,1,0.7,97430.82,1030.0134927143256,1106.8964443158711,-0.07962052155460056,2025Q1
2025-02-11,1006.6685819502785,1,0.7,95778.2,1012.5424204362768,1106.8964443158711,-0.0905485448799499,2025Q1
2025-02-12,1022.05848791141,1,0.7,97869.99,1034.6562846521883,1106.8964443158711,-0.07664489017027795,2025Q1
2025-02-13,1012.8342185303698,1,0.7,96608.14,1021.316331998792,1106.8964443158711,-0.08497834306770902,2025Q1
2025-02-14,1019.3828876238268,1,0.7,97500.48,1030.749920262636,1106.8964443158711,-0.07906209938738484,2025Q1
2025-02-15,1019.8891890873281,1,0.7,97569.66,1031.4812733747824,1106.8964443158711,-0.07860469303641027,2025Q1
2025-02-16,1009.2681930987238,1,0.7,96118.12,1016.1359669797982,1106.8964443158711,-0.08819998629364778,2025Q1
2025-02-17,1006.7829423154649,1,0.7,95780.0,1012.561449571892,1106.8964443158711,-0.09044522865215493,2025Q1
2025-02-18,1005.9863665696458,1,0.7,95671.74,1011.4169527820544,1106.8964443158711,-0.09116487659204092,2025Q1
2025-02-19,1013.1453955974615,1,0.7,96644.37,1021.699346211759,1106.8964443158711,-0.08469721734118807,2025Q1
2025-02-20,1025.331534808713,1,0.7,98305.0,1039.2550981432955,1106.8964443158711,-0.07368793162721748,2025Q1
2025-02-21,1009.8312087976178,1,0.7,96181.98,1016.8110784244595,1106.8964443158711,-0.08769134277800078,2025Q1
2025-02-22,1012.5433655621989,1,0.7,96551.01,1020.7123683778476,1106.8964443158711,-0.08524110745697454,2025Q1
2025-02-23,1010.3923809989058,1,0.7,96258.0,1017.6147422519439,1106.8964443158711,-0.08718436472764234,2025Q1
2025-02-24,975.8205825013274,1,0.7,91552.88,967.8734274930204,1106.8964443158711,-0.11841745674371239,2025Q1
2025-02-25,985.5134312576165,-1,-0.45,88680.4,937.5063100085113,1106.8964443158711,-0.10966067664376378,2025Q1
2025-02-26,1007.7142752559118,-1,-0.45,84250.09,890.6702156709372,1106.8964443158711,-0.0896038374405113,2025Q1
2025-02-27,1005.2917144213095,-1,-0.45,84708.58,895.5172536644037,1106.8964443158711,-0.09179244401436258,2025Q1
2025-02-28,1019.9855118999666,-1,-0.45,84349.94,891.7258041104836,1106.8964443158711,-0.07851767241841738,2025Q1
2025-03-01,1010.7009832022292,-1,-0.45,86064.53,909.8520072407977,1106.8964443158711,-0.08690556520225934,2025Q1
2025-03-02,992.3062136949233,0,0.0,94270.0,996.5981191390923,1106.8964443158711,-0.10352389440709744,2025Q1
2025-03-03,992.3062136949233,0,0.0,86220.61,911.5020447334806,1106.8964443158711,-0.10352389440709744,2025Q1
2025-03-04,987.2621290616926,-1,-0.4,87281.98,922.7225745490174,1106.8964443158711,-0.10808085604441504,2025Q1
2025-03-05,972.2615381810458,-1,-0.4,90606.01,957.863362137454,1106.8964443158711,-0.12163279304599973,2025Q1
2025-03-06,975.1940431608882,-1,-0.4,89931.89,950.7367394146999,1106.8964443158711,-0.11898348922457959,2025Q1
2025-03-07,988.8105081828363,-1,-0.4,86801.75,917.6457068842867,1106.8964443158711,-0.1066820087275816,2025Q1
2025-03-08,991.489826921734,-1,-0.4,86222.45,911.5214967387762,1106.8964443158711,-0.10426144016160915,2025Q1
2025-03-09,1016.7739241031754,-1,-0.4,80734.37,853.5029308568958,1106.8964443158711,-0.0814191071581198,2025Q1
2025-03-10,1027.588039776099,-1,-0.4,78595.86,830.8951548543484,1106.8964443158711,-0.07164934438721539,2025Q1
2025-03-11,1004.9462122309866,-1,-0.4,82932.99,876.7461742715727,1106.8964443158711,-0.09210457997983355,2025Q1
2025-03-12,1001.3649055536524,-1,-0.4,83680.12,884.6446398783658,1106.8964443158711,-0.09534002869387079,2025Q1
2025-03-13,1013.6800037110489,-1,-0.4,81115.78,857.5350989763489,1106.8964443158711,-0.08421423800167285,2025Q1
2025-03-14,999.3866564107992,-1,-0.4,83983.2,887.8487234462948,1106.8964443158711,-0.09712723214276783,2025Q1
2025-03-15,997.7356445524097,-1,-0.4,84338.44,891.6042290773862,1106.8964443158711,-0.09861880063308852,2025Q1
2025-03-16,1006.122809523434,-1,-0.4,82574.53,872.9566276312141,1106.8964443158711,-0.09104161036014653,2025Q1
2025-03-17,999.166480239667,-1,-0.4,84010.03,888.1323632843823,1106.8964443158711,-0.0973261452138712,2025Q1
2025-03-18,1005.3674843308787,-1,-0.4,82715.03,874.4419573834051,1106.8964443158711,-0.09172399144144279,2025Q1
2025-03-19,985.3230845750504,-1,-0.4,86845.94,918.1128721636413,1106.8964443158711,-0.10983264095311138,2025Q1
2025-03-20,997.2647806348219,-1,-0.4,84223.39,890.3879501593109,1106.8964443158711,-0.09904419175256109,2025Q1
2025-03-21,997.9422005810022,-1,-0.4,84088.79,888.96499368497,1106.8964443158711,-0.09843219236485054,2025Q1
2025-03-22,999.1603926228573,-1,-0.4,83840.59,886.3410873184661,1106.8964443158711,-0.09733164493052571,2025Q1
2025-03-23,988.5128518207234,-1,-0.4,86082.5,910.0419814446899,1106.8964443158711,-0.1069509194858024,2025Q1
2025-03-24,982.0495417915026,-1,-0.4,87498.16,925.00797373641,1106.8964443158711,-0.1127900474931342,2025Q1
2025-03-25,982.5615383182804,-1,-0.4,87392.87,923.8948750203374,1106.8964443158711,-0.11232749606891833,2025Q1
2025-03-26,984.7762311826467,-1,-0.4,86909.17,918.7813234108373,1106.8964443158711,-0.11032668300664936,2025Q1
2025-03-27,983.3523111659555,-1,-0.4,87232.01,922.1943046008538,1106.8964443158711,-0.11161309062319139,2025Q1
2025-03-28,996.0521348423374,-1,-0.4,84424.38,892.5127645855947,1106.8964443158711,-0.10013972855612721,2025Q1
2025-03-29,1004.4729681831354,-1,-0.4,82648.54,873.7390422572614,1106.8964443158711,-0.09253212137296148,2025Q1
2025-03-30,1005.7701172754831,-1,-0.4,82389.99,871.0057183609699,1106.8964443158711,-0.0913602420169397,2025Q1
2025-03-31,1005.0289435823715,-1,-0.4,82550.01,872.6974085171663,1106.8964443158711,-0.09202983825326122,2025Q1
2025-04-01,992.3662898171415,-1,-0.4,85158.34,900.2720003501361,1106.8964443158711,-0.10346962002350292,2025Q2
2025-04-02,1004.7218010112625,-1,-0.4,82516.29,872.3409293766405,1106.8964443158711,-0.09230731910766837,2025Q2
2025-04-03,1001.3681477483709,-1,-0.4,83213.09,879.7073192081469,1106.8964443158711,-0.09533709960801534,2025Q2
2025-04-04,998.1503830938418,-1,-0.4,83889.87,886.8620627646437,1106.8964443158711,-0.09824411468702562,2025Q2
2025-04-05,999.8650915636828,-1,-0.4,83537.99,883.142078186701,1106.8964443158711,-0.09669500096582223,2025Q2
2025-04-06,1024.3610501238254,-1,-0.4,78430.0,829.1417257248224,1106.8964443158711,-0.0745646935771463,2025Q2
2025-04-07,1020.5711815695654,-1,-0.4,79163.24,836.893349835118,1106.8964443158711,-0.07798856269672087,2025Q2
2025-04-08,1035.2621121910295,-1,-0.4,76322.42,806.8609337025972,1106.8964443158711,-0.06471638109662191,2025Q2
2025-04-09,1001.1591231269049,-1,-0.4,82615.22,873.386791813539,1106.8964443158711,-0.09552593806940837,2025Q2
2025-04-10,1015.7801486668434,-1,-0.4,79607.3,841.5878375914021,1106.8964443158711,-0.08231691059893421,2025Q2
2025-04-11,996.3405531136075,-1,-0.4,83423.84,881.9353138364335,1106.8964443158711,-0.09987916373748391,2025Q2
2025-04-12,987.527528822149,-1,-0.4,85276.9,901.525386082661,1106.8964443158711,-0.10784108676715407,2025Q2
2025-04-13,994.5937413900209,-1,-0.4,83760.0,885.4891106300029,1106.8964443158711,-0.10145728040102257,2025Q2
2025-04-14,990.6835855654853,-1,-0.4,84591.58,894.280359849412,1106.8964443158711,-0.1049898202737587,2025Q2
2025-04-15,995.1624226237298,-1,-0.4,83643.99,884.2626828395996,1106.8964443158711,-0.10094351848894026,2025Q2
2025-04-16,993.3633106792265,-1,-0.4,84030.38,888.3474982342549,1106.8964443158711,-0.10256888457782963,2025Q2
2025-04-17,989.0642472860794,-1,-0.4,84947.91,898.0473886792925,1106.8964443158711,-0.10645277400147321,2025Q2
2025-04-18,991.307813250051,-1,-0.4,84474.69,893.0446289260411,1106.8964443158711,-0.10442587620494241,2025Q2
2025-04-19,988.5200700174413,-1,-0.4,85077.01,899.4122005725867,1106.8964443158711,-0.10694439837287,2025Q2
2025-04-20,988.0844627208239,-1,-0.4,85179.24,900.4929497581134,1106.8964443158711,-0.10733793771329728,2025Q2
2025-04-21,977.279860820571,-1,-0.4,87516.23,925.199005114503,1106.8964443158711,-0.1170991054862508,2025Q2
2025-04-22,950.919321327045,0,0.0,93442.99,987.8551827806622,1106.8964443158711,-0.1409139254081075,2025Q2
2025-04-23,950.919321327045,0,0.0,93691.08,990.4779262555451,1106.8964443158711,-0.1409139254081075,2025Q2
2025-04-24,950.919321327045,0,0.0,93980.47,993.5372826753782,1106.8964443158711,-0.1409139254081075,2025Q2
2025-04-25,950.919321327045,0,0.0,94638.68,1000.4957089827775,1106.8964443158711,-0.1409139254081075,2025Q2
2025-04-26,950.4960461698628,1,0.4,94628.0,1000.3828027781269,1106.8964443158711,-0.14129632356229424,2025Q2
2025-04-27,946.9655863661284,1,0.4,93749.3,991.0934130752787,1106.8964443158711,-0.14448583584401128,2025Q2
2025-04-28,952.0641073540128,1,0.4,95011.18,1004.4336828809351,1106.8964443158711,-0.13987969494070793,2025Q2
2025-04-29,949.0404670623184,1,0.4,94256.82,996.4587835794207,1106.8964443158711,-0.14261133285247587,2025Q2
2025-04-30,948.698857352098,1,0.4,94172.0,995.5620884222617,1106.8964443158711,-0.1429199522467965,2025Q2
2025-05-01,958.039207215943,1,0.4,96489.91,1020.0664349411297,1106.8964443158711,-0.1344816291210791,2025Q2
2025-05-02,959.616830883671,1,0.4,96887.14,1024.265848019157,1106.8964443158711,-0.1330563614947989,2025Q2
2025-05-03,955.5333322483375,1,0.4,95856.42,1013.3693420961798,1106.8964443158711,-0.13674550392208115,2025Q2
2025-05-04,949.2381001712218,1,0.4,94277.62,996.678675813197,1106.8964443158711,-0.14243278578972368,2025Q2
2025-05-05,951.0748437290846,1,0.4,94733.68,1001.5000244735828,1106.8964443158711,-0.1407734222898274,2025Q2
2025-05-06,959.509354189474,1,0.4,96834.02,1023.7042770836666,1106.8964443158711,-0.13315345882919627,2025Q2
2025-05-07,960.2881069373664,1,0.4,97030.5,1025.7814129534922,1106.8964443158711,-0.1324499126647006,2025Q2
2025-05-08,1030.6619932803299,1,0.7,103261.6,1091.6549945825109,1106.8964443158711,-0.06887225216687616,2025Q2
2025-05-09,1028.6385594587375,1,0.7,102971.99,1088.593312379436,1106.8964443158711,-0.07070027666906248,2025Q2
2025-05-10,1052.0392303800545,1,0.7,104809.53,1108.0193111896922,1106.8964443158711,-0.049559481573474284,2025Q2
2025-05-11,1047.1803050295707,1,0.7,104118.0,1100.7086344385705,1106.8964443158711,-0.053949165337872765,2025Q2
2025-05-12,1037.8400255682516,1,0.7,102791.32,1086.6833157507645,1106.8964443158711,-0.062387424860055975,2025Q2
2025-05-13,1047.1155448892316,1,0.7,104103.72,1100.5576699626893,1106.8964443158711,-0.05400767138933915,2025Q2
2025-05-14,1042.9198897556817,1,0.7,103507.82,1094.2579688998383,1106.8964443158711,-0.05779813901175809,2025Q2
2025-05-15,1044.7246900056793,1,0.7,103763.71,1096.9631719623872,1106.8964443158711,-0.056167633954789395,2025Q2
2025-05-16,1042.6116850204353,1,0.7,103463.9,1093.7936579908255,1106.8964443158711,-0.05807657945379678,2025Q2
2025-05-17,1040.2327436356509,1,0.7,103126.65,1090.228337998467,1106.8964443158711,-0.06022577904423791,2025Q2
2025-05-18,1063.7285346463605,1,0.7,106454.26,1125.4069724232938,1106.8964443158711,-0.0389990499031651,2025Q2
2025-05-19,1057.5696080376108,1,0.7,105573.74,1116.0983421499902,1106.8964443158711,-0.04456318974693905,2025Q2
2025-05-20,1066.518862355783,1,0.7,106849.99,1129.5905278883085,1106.8964443158711,-0.03647819284941675,2025Q2
2025-05-21,1086.0406011130392,1,0.7,109643.99,1159.1279750599922,1106.8964443158711,-0.0188417293324328,2025Q2
2025-05-22,1112.65540641228,1,0.7,111696.21,1180.8235154446281,1112.65540641228,0.0,2025Q2
2025-05-23,1082.1281963914523,1,0.7,107318.3,1134.541380388298,1112.65540641228,-0.027436356166426756,2025Q2
2025-05-24,1085.2593494421515,1,0.7,107761.91,1139.2311108606782,1112.65540641228,-0.024622229678877984,2025Q2
2025-05-25,1094.016963233866,1,0.7,109004.19,1152.3641745229686,1112.65540641228,-0.016751316778761783,2025Q2
2025-05-26,1097.0421551375712,1,0.7,109434.79,1156.9163666318188,1112.65540641228,-0.01403242296287687,2025Q2
2025-05-27,1093.5572564818594,1,0.7,108938.17,1151.666228115569,1112.65540641228,-0.017164478616072024,2025Q2
2025-05-28,1085.431499705551,1,0.7,107781.78,1139.4411713743868,1112.65540641228,-0.024467509482123954,2025Q2
2025-05-29,1069.9788982806192,1,0.7,105589.75,1116.2675957395459,1112.65540641228,-0.03835554825484532,2025Q2
2025-05-30,1063.5153977706248,0,0.0,103985.48,1099.307667187607,1112.65540641228,-0.044164624877081664,2025Q2
2025-05-31,1063.5153977706248,0,0.0,104591.88,1105.7183715415472,1112.65540641228,-0.044164624877081664,2025Q2
2025-06-01,1063.5153977706248,0,0.0,105642.93,1116.8298009795565,1112.65540641228,-0.044164624877081664,2025Q2
2025-06-02,1063.5153977706248,0,0.0,105857.99,1119.1033598158995,1112.65540641228,-0.044164624877081664,2025Q2
2025-06-03,1063.5153977706248,0,0.0,105376.89,1114.0172947356216,1112.65540641228,-0.044164624877081664,2025Q2
2025-06-04,1057.970061921779,1,0.7,104696.86,1106.8281930175972,1112.65540641228,-0.04914850022329195,2025Q2
2025-06-05,1009.262661712925,1,0.7,101508.68,1073.1235765810118,1112.65540641228,-0.09292431790067093,2025Q2
2025-06-06,1028.609338111103,1,0.7,104288.44,1102.510482146495,1112.65540641228,-0.07553647590872788,2025Q2
2025-06-07,1037.3342239629294,1,0.7,105552.15,1115.870098240027,1112.65540641228,-0.06769497727263211,2025Q2
2025-06-08,1038.585240261881,1,0.7,105734.0,1117.7925695242686,1112.65540641228,-0.06657062530189449,2025Q2
2025-06-09,1069.726040074577,1,0.7,110263.02,1165.6722005154993,1112.65540641228,-0.03858280478421191,2025Q2
2025-06-10,1069.8032549880897,1,0.7,110274.39,1165.7924012221356,1112.65540641228,-0.038513407814523205,2025Q2
2025-06-11,1058.7390464762302,1,0.7,108645.12,1148.568179119985,1112.65540641228,-0.04845737469599975,2025Q2
2025-06-12,1038.4562131066193,1,0.7,105671.73,1117.1342671494008,1112.65540641228,-0.06668658856825532,2025Q2
2025-06-13,1041.1724681940973,1,0.7,106066.59,1121.3086251988677,1112.65540641228,-0.06424535198069724,2025Q2
2025-06-14,1036.6926911648989,1,0.7,105414.64,1114.4163779964413,1112.65540641228,-0.06827155542462182,2025Q2
2025-06-15,1037.9274921148426,1,0.7,105594.01,1116.3126313605019,1112.65540641228,-0.06716177701270062,2025Q2
2025-06-16,1046.187779786308,1,0.7,106794.53,1129.0042190765182,1112.65540641228,-0.05973783638934045,2025Q2
2025-06-17,1030.804191578532,1,0.7,104551.17,1105.287995924382,1112.65540641228,-0.0735638494740024,2025Q2
2025-06-18,1033.120413733817,1,0.7,104886.78,1108.835978259847,1112.65540641228,-0.07148214282705985,2025Q2
2025-06-19,1031.547065566899,1,0.7,104658.59,1106.4236124509325,1112.65540641228,-0.07289619084035383,2025Q2
2025-06-20,1022.1597228156999,1,0.7,103297.99,1092.0397002741995,1112.65540641228,-0.08133307318245132,2025Q2
2025-06-21,1014.0002359060542,1,0.7,102120.01,1079.586399623054,1112.65540641228,-0.08866641903474505,2025Q2
2025-06-22,1003.7824294788587,0,0.0,100963.87,1067.3639858173738,1112.65540641228,-0.09784968131730784,2025Q2
2025-06-23,1003.7824294788587,0,0.0,105333.93,1113.5631326989374,1112.65540641228,-0.09784968131730784,2025Q2
2025-06-24,1008.0730814727818,1,0.7,106083.0,1121.4821074852268,1112.65540641228,-0.09399345416090711,2025Q2
2025-06-25,1016.4383500083528,1,0.7,107340.58,1134.776918800247,1112.65540641228,-0.08647516189596903,2025Q2
2025-06-26,1013.829903383165,1,0.7,106947.06,1130.616726885071,1112.65540641228,-0.08881950553565773,2025Q2
2025-06-27,1014.4970018908843,1,0.7,107047.59,1131.6795041091834,1112.65540641228,-0.0882199501801767,2025Q2
2025-06-28,1016.1501811638586,1,0.7,107296.79,1134.3139822176956,1112.65540641228,-0.08673415389190367,2025Q2
2025-06-29,1023.1781921336308,1,0.7,108356.93,1145.5215087905622,1112.65540641228,-0.08041772301018646,2025Q2
2025-06-30,1015.1774126230539,1,0.7,107146.5,1132.7251551112417,1112.65540641228,-0.08760843045156323,2025Q2
2025-07-01,1005.4587539514881,1,0.7,105681.14,1117.2337472417005,1112.65540641228,-0.09634308326101056,2025Q3
2025-07-02,1026.560239897624,1,0.7,108849.6,1150.7298889258784,1112.65540641228,-0.0773781046840612,2025Q3
2025-07-03,1031.4136761070133,1,0.7,109584.78,1158.5020222156702,1112.65540641228,-0.07301607473173376,2025Q3
2025-07-04,1020.8686607170165,1,0.7,107984.24,1141.581526261423,1112.65540641228,-0.08249341635001509,2025Q3
2025-07-05,1022.2840558932746,1,0.7,108198.12,1143.842610442196,1112.65540641228,-0.08122132872243412,2025Q3
2025-07-06,1028.9356692899314,1,0.7,109203.84,1154.474822814961,1112.65540641228,-0.07524318548210719,2025Q3
2025-07-07,1022.7299543639323,1,0.7,108262.94,1144.5278707591856,1112.65540641228,-0.08082057708981909,2025Q3
2025-07-08,1027.0946046806043,1,0.7,108922.98,1151.5056433544603,1112.65540641228,-0.0768978438774351,2025Q3
2025-07-09,1042.3488525138353,1,0.7,111233.99,1175.93704485347,1112.65540641228,-0.06318807556523345,2025Q3
2025-07-10,1108.8530866130504,1,0.7,116010.0,1226.4277904033745,1112.65540641228,-0.0034173381779449225,2025Q3
2025-07-11,1133.9894256686878,1,0.7,117527.66,1242.472100379959,1133.9894256686878,0.0,2025Q3
2025-07-12,1133.2622801516475,1,0.7,117420.0,1241.3339466353264,1133.9894256686878,-0.0006412277756571827,2025Q3
2025-07-13,1144.522015908881,1,0.7,119086.64,1258.953234736334,1144.522015908881,0.0,2025Q3
2025-07-14,1149.5982473763129,1,0.7,119841.18,1266.9300369514099,1149.5982473763129,0.0,2025Q3
2025-07-15,1135.6105544214456,1,0.7,117758.09,1244.9081468909724,1149.5982473763129,-0.012167461969249591,2025Q3
2025-07-16,1141.4992959739861,1,0.7,118630.43,1254.1303003146468,1149.5982473763129,-0.0070450276179619235,2025Q3
2025-07-17,1145.1845557919298,1,0.7,119177.56,1259.9144175197446,1149.5982473763129,-0.003839333953801922,2025Q3
2025-07-18,1136.758330941277,1,0.7,117924.84,1246.6709848708856,1149.5982473763129,-0.011169046633760846,2025Q3
2025-07-19,1136.1858493185932,1,0.7,117840.0,1245.7740782788867,1149.5982473763129,-0.011667030711233506,2025Q3
2025-07-20,1132.305847920601,1,0.7,117265.12,1239.6965952330536,1149.5982473763129,-0.015042124059581361,2025Q3
2025-07-21,1133.0847738973969,1,0.7,117380.36,1240.9148827821105,1149.5982473763129,-0.014364560416305544,2025Q3
2025-07-22,1150.478141366783,1,0.7,119954.42,1268.1271810164499,1150.478141366783,0.0,2025Q3
2025-07-23,1142.4322747511906,1,0.7,118755.99,1255.4576882412312,1150.478141366783,-0.006993498030335229,2025Q3
2025-07-24,1139.637665605031,1,0.7,118340.99,1251.0704153077133,1150.478141366783,-0.009422582986994589,2025Q3
2025-07-25,1134.7390558402378,1,0.7,117614.31,1243.3881418249935,1150.478141366783,-0.013680473327243602,2025Q3
2025-07-26,1136.803489362081,1,0.7,117919.99,1246.6197119221447,1150.478141366783,-0.011886059815492123,2025Q3
2025-07-27,1146.8960146293005,1,0.7,119415.55,1262.430386400342,1150.478141366783,-0.003113598258569978,2025Q3
2025-07-28,1137.798289368949,1,0.7,118062.32,1248.1243879622114,1150.478141366783,-0.011021375845324593,2025Q3
2025-07-29,1137.0456957894446,1,0.7,117950.76,1246.9450044237456,1150.478141366783,-0.01167553306261027,2025Q3
2025-07-30,1136.3003114672933,1,0.7,117840.3,1245.7772498014892,1150.478141366783,-0.012323423965835724,2025Q3
2025-07-31,1122.2860344935225,1,0.7,115764.08,1223.8279876086497,1150.478141366783,-0.024504687103196775,2025Q3
2025-08-01,1105.5502042361893,1,0.7,113297.93,1197.756486054445,1150.478141366783,-0.039051534762076075,2025Q3
2025-08-02,1098.730897977147,0,0.0,112546.35,1189.8109761957144,1150.478141366783,-0.044978901840029374,2025Q3
2025-08-03,1098.730897977147,0,0.0,114208.8,1207.3859686977064,1150.478141366783,-0.044978901840029374,2025Q3
2025-08-04,1098.730897977147,0,0.0,115055.03,1216.3320939375394,1150.478141366783,-0.044978901840029374,2025Q3
2025-08-05,1098.730897977147,0,0.0,114129.75,1206.550272491936,1150.478141366783,-0.044978901840029374,2025Q3
2025-08-06,1098.730897977147,0,0.0,114992.27,1215.6686114090876,1150.478141366783,-0.044978901840029374,2025Q3
2025-08-07,1114.5356119809815,1,0.7,117472.01,1241.8837829371873,1150.478141366783,-0.03124138398935702,2025Q3
2025-08-08,1109.24064797079,1,0.7,116674.74,1233.4552501860892,1150.478141366783,-0.03584378695539775,2025Q3
2025-08-09,1107.8265305559912,1,0.7,116462.25,1231.208860726708,1150.478141366783,-0.03707294322004329,2025Q3
2025-08-10,1126.6821614519858,1,0.7,119294.01,1261.1454968766318,1150.478141366783,-0.020683556739745715,2025Q3
2025-08-11,1122.6624808771683,1,0.7,118686.0,1254.7177720180578,1150.478141366783,-0.024177478466969625,2025Q3
2025-08-12,1132.2507521114842,1,0.7,120134.08,1270.0265001856928,1150.478141366783,-0.015843316443756444,2025Q3
2025-08-13,1153.1800918244332,1,0.7,123306.43,1303.5637659462836,1153.1800918244332,0.0,2025Q3
2025-08-14,1121.5889710309505,1,0.7,118295.09,1250.5851723495243,1153.1800918244332,-0.027394785096838455,2025Q3
2025-08-15,1113.7029203413958,1,0.7,117342.05,1240.5098793457657,1153.1800918244332,-0.034233309925235544,2025Q3
2025-08-16,1113.9594357919786,1,0.7,117380.66,1240.9180543047132,1153.1800918244332,-0.03401086812936914,2025Q3
2025-08-17,1114.121195306562,1,0.7,117405.01,1241.1754762226192,1153.1800918244332,-0.03387059557720655,2025Q3
2025-08-18,1106.296374694083,1,0.7,116227.05,1228.7223870063142,1153.1800918244332,-0.04065602368852562,2025Q3
2025-08-19,1088.7783321760915,0,0.0,112872.94,1193.2636014182626,1153.1800918244332,-0.05584709630778701,2025Q3
2025-08-20,1088.7783321760915,0,0.0,114271.24,1208.0460682687158,1153.1800918244332,-0.05584709630778701,2025Q3
2025-08-21,1088.7783321760915,0,0.0,112500.0,1189.3209759536214,1153.1800918244332,-0.05584709630778701,2025Q3
2025-08-22,1088.7783321760915,0,0.0,116935.99,1236.2171177858036,1153.1800918244332,-0.05584709630778701,2025Q3
2025-08-23,1088.7783321760915,0,0.0,115438.05,1220.3812825616262,1153.1800918244332,-0.05584709630778701,2025Q3
2025-08-24,1088.7783321760915,0,0.0,113493.59,1199.8249530958235,1153.1800918244332,-0.05584709630778701,2025Q3
2025-08-25,1088.7783321760915,0,0.0,110111.98,1164.075444602539,1153.1800918244332,-0.05584709630778701,2025Q3
2025-08-26,1099.437316038488,1,0.7,111763.22,1181.531927876616,1153.1800918244332,-0.04660397466706124,2025Q3
2025-08-27,1095.9859634019035,1,0.7,111262.01,1176.2332650645474,1153.1800918244332,-0.04959687461482581,2025Q3
2025-08-28,1104.9836328368567,1,0.7,112566.9,1190.0282254939884,1153.1800918244332,-0.04179439042459141,2025Q3
2025-08-29,1076.19603851882,1,0.7,108377.4,1145.7379123494754,1153.1800918244332,-0.06675804919925188,2025Q3
2025-08-30,1079.2470649231343,1,0.7,108816.33,1150.3781670692563,1153.1800918244332,-0.0641122990463097,2025Q3
2025-08-31,1075.289897194307,1,0.7,108246.35,1144.3524855592648,1153.1800918244332,-0.06754382527268311,2025Q3
2025-09-01,1082.1814116970006,1,0.7,109237.42,1154.8298219116057,1153.1800918244332,-0.06156772964672536,2025Q3
2025-09-02,1096.0687405196256,1,0.7,111240.01,1176.000686740361,1153.1800918244332,-0.04952509300993255,2025Q3
2025-09-03,1099.2807813017328,1,0.7,111705.71,1180.9239469937086,1153.1800918244332,-0.04673971646304351,2025Q3
2025-09-04,1092.5654933026597,1,0.7,110730.87,1170.618190014165,1153.1800918244332,-0.052562994237852226,2025Q3
2025-09-05,1092.0759394003405,1,0.7,110659.99,1169.8688649406045,1153.1800918244332,-0.05298751934523993,2025Q3
2025-09-06,1088.815165750885,1,0.7,110187.97,1164.8787912777632,1153.1800918244332,-0.05581515543831257,2025Q3
2025-09-07,1095.3819617244947,1,0.7,111137.34,1174.9152859883507,1153.1800918244332,-0.050120645083715255,2025Q3
2025-09-08,1101.7837325238063,1,0.7,112065.23,1184.724699680596,1153.1800918244332,-0.0445692391544094,2025Q3
2025-09-09,1098.2130029563227,1,0.7,111546.39,1179.2396570569178,1153.1800918244332,-0.04766565886612533,2025Q3
2025-09-10,1114.8469838520361,1,0.7,113960.0,1204.7557192859972,1153.1800918244332,-0.033241215525799374,2025Q3
2025-09-11,1125.2742956078202,1,0.7,115482.69,1220.8532051248847,1153.1800918244332,-0.02419899234686193,2025Q3
2025-09-12,1129.0034679274672,1,0.7,116029.42,1226.633093633179,1153.1800918244332,-0.02096517627070413,2025Q3
2025-09-13,1128.2465365494293,1,0.7,115918.29,1225.458255943777,1153.1800918244332,-0.02162156236634027,2025Q3
2025-09-14,1123.8160596121734,1,0.7,115268.01,1218.5836635505048,1153.1800918244332,-0.025463526833699814,2025Q3
2025-09-15,1124.3736387744166,1,0.7,115349.71,1219.4473748725973,1153.1800918244332,-0.024980012449263067,2025Q3
2025-09-16,1134.1940217794909,1,0.7,116788.96,1234.6627545582976,1153.1800918244332,-0.016464098001297205,2025Q3
2025-09-17,1131.8733754679695,1,0.7,116447.59,1231.0538789888637,1153.1800918244332,-0.018476486463406293,2025Q3
2025-09-18,1136.1322817660587,1,0.7,117073.53,1237.6711551816495,1153.1800918244332,-0.014783302434057313,2025Q3
2025-09-19,1126.342400769842,1,0.7,115632.38,1222.4356891861335,1153.1800918244332,-0.023272766539120204,2025Q3
2025-09-20,1126.705486031848,1,0.7,115685.63,1222.9986344480849,1153.1800918244332,-0.022957910893778962,2025Q3
2025-09-21,1123.6148129246835,1,0.7,115232.29,1218.206040925962,1153.1800918244332,-0.02563804136869449,2025Q3
2025-09-22,1105.9958725944884,1,0.7,112650.99,1190.9172032794816,1153.1800918244332,-0.040916609265509586,2025Q3
2025-09-23,1101.5136783971434,1,0.7,111998.8,1184.022418858973,1153.1800918244332,-0.04480342124667536,2025Q3
2025-09-24,1110.5200261067207,1,0.7,113307.0,1197.852371754462,1153.1800918244332,-0.03699341154096801,2025Q3
2025-09-25,1080.9332388610092,1,0.7,108994.49,1152.2616286254865,1153.1800918244332,-0.06265010424271474,2025Q3
2025-09-26,1085.438469087019,1,0.7,109643.46,1159.1223720367277,1153.1800918244332,-0.0587433161721002,2025Q3
2025-09-27,1085.385733331281,1,0.7,109635.85,1159.041921080043,1153.1800918244332,-0.05878904689196944,2025Q3
2025-09-28,1102.905318126805,1,0.7,112163.95,1185.768342051673,1153.1800918244332,-0.043596636860153457,2025Q3
2025-09-29,1117.6902481927727,1,0.7,114311.96,1208.4765496033008,1153.1800918244332,-0.030775629828566,2025Q3
2025-09-30,1115.8899969663262,1,0.7,114048.93,1205.695864302811,1153.1800918244332,-0.032336748719890604,2025Q3
2025-10-01,1147.0260366970463,1,0.7,118594.99,1253.7556377778665,1153.1800918244332,-0.005336595013230519,2025Q4
2025-10-02,1160.1221455549476,1,0.7,120529.35,1274.2051926493834,1160.1221455549476,0.0,2025Q4
2025-10-03,1181.1509199205263,1,0.7,122232.0,1292.205169180116,1181.1509199205263,0.0,2025Q4
2025-10-04,1182.2264328581134,1,0.7,122391.0,1293.8860761594638,1182.2264328581134,0.0,2025Q4
2025-10-05,1189.6054302509747,1,0.7,123482.31,1305.4231239307344,1189.6054302509747,0.0,2025Q4
2025-10-06,1197.5375358024246,1,0.7,124658.54,1317.8579240333647,1197.5375358024246,0.0,2025Q4
2025-10-07,1175.1743411301427,1,0.7,121332.95,1282.700644527395,1197.5375358024246,-0.018674316256230897,2025Q4
2025-10-08,1188.5513703183128,1,0.7,123306.0,1303.5592200972198,1197.5375358024246,-0.007503869578576917,2025Q4
2025-10-09,1177.4614629125206,1,0.7,121662.4,1286.1835049320878,1197.5375358024246,-0.01676446231512218,2025Q4
2025-10-10,1084.4696503802254,1,0.7,112774.5,1192.2229191349484,1197.5375358024246,-0.0944169865593705,2025Q4
2025-10-11,1083.7104543582134,0,0.0,110644.4,1169.7040514826922,1197.5375358024246,-0.09505095083966617,2025Q4
2025-10-12,1083.7104543582134,0,0.0,114958.8,1215.3147752040638,1197.5375358024246,-0.09505095083966617,2025Q4
2025-10-13,1083.7104543582134,0,0.0,115166.0,1217.50524014822,1197.5375358024246,-0.09505095083966617,2025Q4
2025-10-14,1083.7104543582134,0,0.0,113028.14,1194.9043357779783,1197.5375358024246,-0.09505095083966617,2025Q4
2025-10-15,1074.5942804368215,1,0.4,110763.28,1170.9608201726599,1197.5375358024246,-0.10266338356001803,2025Q4
2025-10-16,1064.624793413894,1,0.4,108194.28,1143.8020149528834,1197.5375358024246,-0.11098837273561606,2025Q4
2025-10-17,1053.6036126734577,0,0.0,106431.68,1125.1682624887424,1197.5375358024246,-0.12019157548370471,2025Q4
2025-10-18,1053.6036126734577,0,0.0,107185.01,1133.132272895988,1197.5375358024246,-0.12019157548370471,2025Q4
2025-10-19,1053.6036126734577,0,0.0,108642.78,1148.5434412436853,1197.5375358024246,-0.12019157548370471,2025Q4
2025-10-20,1053.6036126734577,0,0.0,110532.09,1168.51673913772,1197.5375358024246,-0.12019157548370471,2025Q4
2025-10-21,1061.9531559115978,-1,-0.4,108297.67,1144.89502735914,1197.5375358024246,-0.11321931533442649,2025Q4
2025-10-22,1064.8599655487283,-1,-0.4,107567.44,1137.17522419229,1197.5375358024246,-0.11079199297481236,2025Q4
2025-10-23,1054.9601704906067,-1,-0.4,110078.18,1163.7181197226525,1197.5375358024246,-0.11905878609164611,2025Q4
2025-10-24,1051.4496893553737,-1,-0.4,111004.89,1173.515058759328,1197.5375358024246,-0.12199020246088815,2025Q4
2025-10-25,1049.0615633144396,-1,-0.4,111646.27,1180.2955626487249,1197.5375358024246,-0.12398439969440865,2025Q4
2025-10-26,1038.1540334059448,-1,-0.4,114559.4,1211.0924214458782,1197.5375358024246,-0.13309269866825757,2025Q4
2025-10-27,1039.8331548900028,-1,-0.4,114107.65,1206.3166369935489,1197.5375358024246,-0.131690553487954,2025Q4
2025-10-28,1044.2825737933374,-1,-0.4,112898.45,1193.533286556899,1197.5375358024246,-0.12797508005158004,2025Q4
2025-10-29,1054.9699765739126,-1,-0.4,110021.29,1163.1166933197903,1197.5375358024246,-0.11905059755223693,2025Q4
2025-10-30,1061.5267080739654,-1,-0.4,108322.88,1145.1615409751737,1197.5375358024246,-0.11357541927679407,2025Q4
2025-10-31,1056.531436074852,-1,-0.4,109608.01,1158.747603782527,1197.5375358024246,-0.11774670564550585,2025Q4
2025-11-01,1054.683995281047,-1,-0.4,110098.1,1163.9287088234616,1197.5375358024246,-0.11928940534265335,2025Q4
2025-11-02,1053.0302379736452,-1,-0.4,110540.68,1168.607550401573,1197.5375358024246,-0.12067037024601535,2025Q4
2025-11-03,1068.1534362729656,-1,-0.4,106583.04,1126.7684013591454,1197.5375358024246,-0.10804179047528865,2025Q4
2025-11-04,1088.584597218469,-1,-0.4,101497.22,1073.002424417595,1197.5375358024246,-0.09098081298215867,2025Q4
2025-11-05,1078.383214949931,-1,-0.4,103885.16,1098.2471100293164,1197.5375358024246,-0.0994994455623913,2025Q4
2025-11-06,1088.9697384372196,-1,-0.4,101346.04,1071.4041884607532,1197.5375358024246,-0.0906592020035997,2025Q4
2025-11-07,1080.4468172265329,-1,-0.4,103339.08,1092.4740931533277,1197.5375358024246,-0.09777624089038152,2025Q4
2025-11-08,1084.781670150034,-1,-0.4,102312.94,1081.6260058087494,1197.5375358024246,-0.09415643541965238,2025Q4
2025-11-09,1074.6036755607954,-1,-0.4,104722.96,1107.1041154840184,1197.5375358024246,-0.10265553819092264,2025Q4
2025-11-10,1069.3590796484466,-1,-0.4,106011.13,1120.7223163870776,1197.5375358024246,-0.10703502171903988,2025Q4
2025-11-11,1081.3139013195025,-1,-0.4,103058.99,1089.5130539341735,1197.5375358024246,-0.09705218501150782,2025Q4
2025-11-12,1087.2524023559708,-1,-0.4,101654.37,1074.6637736742268,1197.5375358024246,-0.0920932581646018,2025Q4
2025-11-13,1095.6916164905035,-1,-0.4,99692.02,1053.918315743893,1197.5375358024246,-0.0850461186117878,2025Q4
2025-11-14,1118.148797637265,-1,-0.4,94594.0,1000.0233635498388,1197.5375358024246,-0.06629331924194273,2025Q4
2025-11-15,1113.4545410867624,-1,-0.4,95596.24,1010.6187862604146,1197.5375358024246,-0.07021324359517576,2025Q4
2025-11-16,1119.7181463405311,-1,-0.4,94261.44,996.5076250274998,1197.5375358024246,-0.06498283948131083,2025Q4
2025-11-17,1128.591789069781,0,0.0,92215.14,974.8746693555541,1197.5375358024246,-0.05757293167971192,2025Q4
2025-11-18,1124.2825520837005,-1,-0.45,92960.83,982.7579116538551,1197.5375358024246,-0.06117134664145516,2025Q4
2025-11-19,1131.9847525480131,-1,-0.45,91554.96,967.895416716398,1197.5375358024246,-0.05473964806496609,2025Q4
2025-11-20,1159.3981706104128,-1,-0.45,86637.23,915.9064438890521,1197.5375358024246,-0.03184815845163141,2025Q4
2025-11-21,1168.5307198580729,-1,-0.45,85129.43,899.9663712886711,1197.5375358024246,-0.02422205156593723,2025Q4
2025-11-22,1170.9905012564793,-1,-0.45,84739.74,895.8466691453879,1197.5375358024246,-0.022168018748704287,2025Q4
2025-11-23,1158.0445350149819,-1,-0.45,86830.0,917.9443585960262,1197.5375358024246,-0.03297850765152005,2025Q4
2025-11-24,1149.2738191549781,-1,-0.45,88300.01,933.4849250659069,1197.5375358024246,-0.04030246669062175,2025Q4
2025-11-25,1154.7730850879911,-1,-0.45,87369.96,923.6526764109233,1197.5375358024246,-0.035710321752694466,2025Q4
2025-11-26,1136.302808105521,-1,-0.45,90484.02,956.5737153298401,1197.5375358024246,-0.051133869182540856,2025Q4
2025-11-27,1131.5506672137635,-1,-0.45,91333.95,965.5589560151045,1197.5375358024246,-0.055102129675163605,2025Q4
2025-11-28,1134.0728704710245,-1,-0.45,90890.7,960.8730313698472,1197.5375358024246,-0.05299597167856186,2025Q4
2025-11-29,1134.6194879968266,-1,-0.45,90802.44,959.9399694201791,1197.5375358024246,-0.052539520411307196,2025Q4
2025-11-30,1137.158481620253,-1,-0.45,90360.0,955.2626078859488,1197.5375358024246,-0.05041934167158597,2025Q4
2025-12-01,1160.2822670850376,-1,-0.45,86286.01,912.193436660835,1197.5375358024246,-0.031109896436293062,2025Q4
2025-12-02,1130.1267149845517,-1,-0.45,91277.88,964.9661984406894,1197.5375358024246,-0.05629119656170402,2025Q4
2025-12-03,1118.1867185761544,-1,-0.45,93429.95,987.7173272648715,1197.5375358024246,-0.06626165347969679,2025Q4
2025-12-04,1125.5182145940664,-1,-0.45,92078.06,973.4254949610321,1197.5375358024246,-0.060139510499853145,2025Q4
2025-12-05,1140.6852607396427,-1,-0.45,89330.04,944.374136486898,1197.5375358024246,-0.04747431572129167,2025Q4
2025-12-06,1141.2724489343714,-1,-0.45,89236.79,943.3883215446076,1197.5375358024246,-0.04698398604295282,2025Q4
2025-12-07,1134.6560304355098,-1,-0.45,90395.31,955.635896096268,1197.5375358024246,-0.05250900576137704,2025Q4
2025-12-08,1133.3568753708507,-1,-0.45,90634.34,958.1628595885542,1197.5375358024246,-0.0535938611632485,2025Q4
2025-12-09,1121.9029305105064,-1,-0.45,92678.8,979.7763632552044,1197.5375358024246,-0.0631584422456022,2025Q4
2025-12-10,1125.5675317728376,-1,-0.45,92015.37,972.7627524545206,1197.5375358024246,-0.060098328342887926,2025Q4
2025-12-11,1122.8767261839716,-1,-0.45,92513.38,978.0275856921622,1197.5375358024246,-0.0623452771928569,2025Q4
2025-12-12,1135.1894500059002,-1,-0.45,90268.42,954.2944477528125,1197.5375358024246,-0.052063575405799124,2025Q4
2025-12-13,1135.4013149273567,-1,-0.45,90240.01,953.9941045623516,1197.5375358024246,-0.05188665826113984,2025Q4
2025-12-14,1147.1608537003408,-1,-0.45,88172.17,932.1334335675433,1197.5375358024246,-0.04206689193113959,2025Q4
2025-12-15,1157.4006547117797,-1,-0.45,86432.08,913.7376510160133,1197.5375358024246,-0.03351617789896724,2025Q4
2025-12-16,1148.827250760744,-1,-0.45,87863.42,928.8694082224262,1197.5375358024246,-0.04067537224128991,2025Q4
2025-12-17,1158.412336878422,-1,-0.45,86243.22,911.7410718202923,1197.5375358024246,-0.03267137584776111,2025Q4
2025-12-18,1162.8577684799518,-1,-0.45,85516.41,904.0574240111115,1197.5375358024246,-0.028959231995375576,2025Q4
2025-12-19,1146.874012794483,-1,-0.45,88136.94,931.7609910965847,1197.5375358024246,-0.04230641753871534,2025Q4
2025-12-20,1145.6141463913991,-1,-0.45,88360.9,934.128638436803,1197.5375358024246,-0.043358465065759785,2025Q4
2025-12-21,1143.927224790433,-1,-0.45,88658.86,937.2785946856487,1197.5375358024246,-0.04476712370946215,2025Q4
2025-12-22,1144.1997518553003,-1,-0.45,88620.79,936.876128467386,1197.5375358024246,-0.04453955083035011,2025Q4
2025-12-23,1150.844707112251,-1,-0.45,87486.0,924.879421353587,1197.5375358024246,-0.038990701580712085,2025Q4
2025-12-24,1149.8104998458125,-1,-0.45,87669.45,926.8188074250419,1197.5375358024246,-0.039854313146545355,2025Q4
2025-12-25,1152.4838571110013,-1,-0.45,87225.27,922.1230510597168,1197.5375358024246,-0.03762193446507258,2025Q4
2025-12-26,1151.6777711763552,-1,-0.45,87369.56,923.6484477141198,1197.5375358024246,-0.03829505402128416,2025Q4
2025-12-27,1148.7193911453796,-1,-0.45,87877.01,929.0130781963213,1197.5375358024246,-0.040765440078113106,2025Q4
2025-12-28,1148.3257692434054,-1,-0.45,87952.71,929.8133590663631,1197.5375358024246,-0.04109413282485904,2025Q4
2025-12-29,1152.581864313588,-1,-0.45,87237.13,922.2484319199373,1197.5375358024246,-0.037540093854939935,2025Q4
2025-12-30,1145.2113653908843,-1,-0.45,88485.49,935.4457717736393,1197.5375358024246,-0.04369480608929596,2025Q4
2025-12-31,1150.1394330004716,-1,-0.45,87648.22,926.594369342202,1197.5375358024246,-0.039579638537336786,2025Q4
2026-01-01,1143.1590806661843,-1,-0.45,88839.04,939.183411160736,1197.5375358024246,-0.045408560074739826,2026Q1
2026-01-02,1136.515893819372,-1,-0.45,89995.13,951.4052963793159,1197.5375358024246,-0.05095593261898412,2026Q1
2026-01-03,1132.9702896786057,-1,-0.45,90628.01,958.0959404616405,1197.5375358024246,-0.053916678344912865,2026Q1
2026-01-04,1127.9483320493307,-1,-0.45,91529.73,967.628691665524,1197.5375358024246,-0.058110248466211795,2026Q1
2026-01-05,1115.0776390264057,-1,-0.45,93859.71,992.2606391104346,1197.5375358024246,-0.06885788070163969,2026Q1
2026-01-06,1115.725219451708,-1,-0.45,93747.97,991.0793526584073,1197.5375358024246,-0.06831712067872452,2026Q1
2026-01-07,1128.5427273212388,-1,-0.45,91364.16,965.8783283411807,1197.5375358024246,-0.05761390054045781,2026Q1
2026-01-08,1130.061956773166,-1,-0.45,91099.99,963.0855912548014,1197.5375358024246,-0.05634527270499773,2026Q1
2026-01-09,1132.6734829607813,-1,-0.45,90641.28,958.236227478093,1197.5375358024246,-0.05416452587281984,2026Q1
2026-01-10,1133.4925180788484,-1,-0.45,90504.7,956.7923389545753,1197.5375358024246,-0.05348059314120958,2026Q1
2026-01-11,1130.6750262611433,-1,-0.45,91013.65,962.1728270497895,1197.5375358024246,-0.055833330933112865,2026Q1
2026-01-12,1129.146264768065,-1,-0.45,91296.2,965.1598727542845,1197.5375358024246,-0.057109918469931825,2026Q1
2026-01-13,1106.2781216240735,-1,-0.45,95414.0,1008.6921919967897,1197.5375358024246,-0.0762058903792119,2026Q1
2026-01-14,1098.3041338753037,-1,-0.45,96951.78,1024.9492054225848,1197.5375358024246,-0.08286454408347906,2026Q1
2026-01-15,1105.2204466863527,-1,-0.45,95604.8,1010.709280372007,1197.5375358024246,-0.07708909855106437,2026Q1
2026-01-16,1105.5503812762565,-1,-0.45,95550.94,1010.1398863474304,1197.5375358024246,-0.07681358769646494,2026Q1
2026-01-17,1107.6993794880107,-1,-0.45,95147.77,1005.8776771218729,1197.5375358024246,-0.07501907341402604,2026Q1
2026-01-18,1115.4749362787309,-1,-0.45,93673.14,990.288269203913,1197.5375358024246,-0.06852611886499799,2026Q1
2026-01-19,1121.1098713794183,-1,-0.45,92631.0,979.2710339871992,1197.5375358024246,-0.0638206838099609,2026Q1
2026-01-20,1144.0541485657482,-1,-0.45,88427.66,934.834407933289,1197.5375358024246,-0.04466113640508081,2026Q1
2026-01-21,1138.1257774510093,-1,-0.45,89454.73,945.6923269979351,1197.5375358024246,-0.04961160429230782,2026Q1
2026-01-22,1137.5761514098829,-1,-0.45,89559.67,946.8017256043047,1197.5375358024246,-0.05007056781094037,2026Q1
2026-01-23,1137.3953257133496,-1,-0.45,89600.26,947.2308326124287,1197.5375358024246,-0.05022156574722809,2026Q1
2026-01-24,1139.588278518357,-1,-0.45,89225.34,943.2672750986106,1197.5375358024246,-0.04839034731820585,2026Q1
2026-01-25,1154.3247416595002,-1,-0.45,86670.36,916.256685701793,1197.5375358024246,-0.03608470954020588,2026Q1
2026-01-26,1144.3270578320405,-1,-0.45,88347.08,933.982536962246,1197.5375358024246,-0.044433244369855816,2026Q1
2026-01-27,1139.1154807288124,-1,-0.45,89250.0,943.5279742565397,1197.5375358024246,-0.04878515564396553,2026Q1
2026-01-28,1138.8796134697534,-1,-0.45,89299.99,944.0564556395434,1197.5375358024246,-0.04898211586609413,2026Q1
2026-01-29,1165.6176040332493,-1,-0.45,84650.16,894.8996524962686,1197.5375358024246,-0.02665463988799894,2026Q1
2026-01-30,1168.0847243578894,-1,-0.45,84260.49,890.7801617878255,1197.5375358024246,-0.024594478723207608,2026Q1
2026-01-31,1216.9589735885806,0,0.0,78741.09,832.4304889462394,1216.9589735885806,0.0,2026Q1
2026-02-01,1216.9589735885806,0,0.0,76968.21,813.6880589742515,1216.9589735885806,0.0,2026Q1
2026-02-02,1216.9589735885806,0,0.0,78738.61,832.4042710260584,1216.9589735885806,0.0,2026Q1
2026-02-03,1216.9589735885806,0,0.0,75770.21,801.0231120480966,1216.9589735885806,0.0,2026Q1
2026-02-04,1235.5597573425864,-1,-0.45,73165.83,773.49027859606,1235.5597573425864,0.0,2026Q1
2026-02-05,1394.9559544426672,-1,-0.45,62909.86,665.066809709384,1394.9559544426672,0.0,2026Q1
2026-02-06,1318.4781304667397,-1,-0.45,70580.26,746.156299611203,1394.9559544426672,-0.05482454390933301,2026Q1
2026-02-07,1329.3894075197318,-1,-0.45,69289.38,732.5094492873008,1394.9559544426672,-0.047002592959382396,2026Q1
2026-02-08,1320.4611211609633,-1,-0.45,70330.38,743.514632718125,1394.9559544426672,-0.05340300032015502,2026Q1
2026-02-09,1322.1459957172078,-1,-0.45,70138.0,741.4808409905343,1394.9559544426672,-0.05219516680334863,2026Q1
2026-02-10,1333.2057016992678,-1,-0.45,68841.29,727.7723574107224,1394.9559544426672,-0.04426681182781198,2026Q1
2026-02-11,1348.5938292408875,-1,-0.45,67082.52,709.1790947184741,1394.9559544426672,-0.03323554772760044,2026Q1
2026-02-12,1355.9857400161288,-1,-0.45,66272.17,700.612283581905,1394.9559544426672,-0.0279365196459614,2026Q1
2026-02-13,1332.2741473821197,-1,-0.45,68853.96,727.90630138197,1394.9559544426672,-0.04493461378541592,2026Q1
2026-02-14,1323.8965561311513,-1,-0.45,69822.95,738.1502136707636,1394.9559544426672,-0.0509402451634443,2026Q1
2026-02-15,1332.406689570164,-1,-0.45,68832.58,727.6802775378287,1394.9559544426672,-0.04483959846423528,2026Q1
2026-02-16,1331.9452863590477,-1,-0.45,68892.43,728.312996297036,1394.9559544426672,-0.04517036389782962,2026Q1
2026-02-17,1344.0895112269816,-1,-0.45,67503.52,713.6297981040427,1394.9559544426672,-0.03646455148184843,2026Q1
2026-02-18,1353.4915297982811,-1,-0.45,66461.0,702.6085456253657,1394.9559544426672,-0.029724540414577148,2026Q1
2026-02-19,1348.5784509503203,-1,-0.45,67003.73,708.3461471656261,1394.9559544426672,-0.03324657193988346,2026Q1
2026-02-20,1339.4341607508002,-1,-0.45,68020.01,719.0899971340007,1394.9559544426672,-0.039801825652660064,2026Q1
2026-02-21,1339.885058747489,-1,-0.45,67975.93,718.623994746267,1394.9559544426672,-0.03947859107650532,2026Q1
2026-02-22,1342.8950360993872,-1,-0.45,67643.4,715.1085733761884,1394.9559544426672,-0.03732083308973018,2026Q1
2026-02-23,1369.64488818973,-1,-0.45,64656.02,683.5267627349054,1394.9559544426672,-0.0181447064133648,2026Q1
2026-02-24,1375.4060363043657,-1,-0.45,64058.15,677.2062353402976,1394.9559544426672,-0.014014720734399407,2026Q1
2026-02-25,1337.4954475765562,-1,-0.45,67988.04,718.7520185419897,1394.9559544426672,-0.041191628081955076,2026Q1
2026-02-26,1342.0074686346386,-1,-0.45,67485.18,713.4359123556071,1394.9559544426672,-0.03795710225788697,2026Q1
2026-02-27,1356.50344719731,-1,-0.45,65872.1,696.3828467565738,1394.9559544426672,-0.027565391669101415,2026Q1
2026-02-28,1346.3597514405621,-1,-0.45,66973.26,708.0240261866279,1394.9559544426672,-0.034837087757025945,2026Q1
2026-03-01,1357.247376333214,-1,-0.45,65776.47,695.3718710683031,1394.9559544426672,-0.02703209229607468,2026Q1
2026-03-02,1328.9533494501443,-1,-0.45,68830.06,727.6536367479672,1394.9559544426672,-0.04731518925907109,2026Q1
2026-03-03,1333.2886011197008,-1,-0.45,68338.0,722.4517053752762,1394.9559544426672,-0.04420738384360287,2026Q1
2026-03-04,1295.3420473067295,-1,-0.45,72666.77,768.2143450293097,1394.9559544426672,-0.07141007342825885,2026Q1
2026-03-05,1309.6477453708455,-1,-0.45,70890.72,749.4384026351547,1394.9559544426672,-0.061154768937421576,2026Q1
2026-03-06,1332.791480205001,-1,-0.45,68114.02,720.0838466002177,1394.9559544426672,-0.04456375417423338,2026Q1
2026-03-07,1340.345969302887,-1,-0.45,67262.91,711.0861312593831,1394.9559544426672,-0.0391481788122829,2026Q1
2026-03-08,1351.9897458160904,-1,-0.45,65971.2,697.4305063896138,1394.9559544426672,-0.030801122063917313,2026Q1
2026-03-09,1329.3542559891036,-1,-0.45,68432.16,723.4471406027944,1394.9559544426672,-0.04702779198485426,2026Q1
2026-03-10,1316.15704318568,-1,-0.45,69948.63,739.478870206389,1394.9559544426672,-0.05648845829578183,2026Q1
2026-03-11,1314.1566948537043,-1,-0.45,70191.86,742.0502350151108,1394.9559544426672,-0.05792244502891494,2026Q1
2026-03-12,1311.271310032773,-1,-0.45,70541.34,745.7448474122331,1394.9559544426672,-0.05999088655335292,2026Q1
2026-03-13,1308.0790643098321,-1,-0.45,70930.0,749.8536606612477,1394.9559544426672,-0.06227930699614485,2026Q1
2026-03-14,1305.7979691768612,-1,-0.45,71211.95,752.8343633205377,1394.9559544426672,-0.06391455227088348,2026Q1
2026-03-15,1292.6265044484787,-1,-0.45,72815.24,769.7839315653082,1394.9559544426672,-0.07335676059755782,2026Q1
2026-03-16,1276.1523615625265,-1,-0.45,74884.67,791.66141162991,1394.9559544426672,-0.0851665549021631,2026Q1
2026-03-17,1283.6894912195735,-1,-0.45,73909.36,781.3506859316227,1394.9559544426672,-0.07976342397674378,2026Q1
2026-03-18,1304.5602441565059,-1,-0.45,71246.54,753.2000398766108,1394.9559544426672,-0.06480183836505259,2026Q1
2026-03-19,1315.4673690131365,-1,-0.45,69930.0,739.2819186527711,1394.9559544426672,-0.05698286399393103,2026Q1
2026-03-20,1310.6104405780857,-1,-0.45,70510.73,745.4212463893537,1394.9559544426672,-0.06046464305626086,2026Q1
2026-03-21,1323.9911259616545,-1,-0.45,68918.12,728.5845843492336,1394.9559544426672,-0.0508724510297285,2026Q1
2026-03-22,1333.2071924553752,-1,-0.45,67859.0,717.3878409532159,1394.9559544426672,-0.04426574315169885,2026Q1
2026-03-23,1306.323387286597,-1,-0.45,70906.45,749.6046961369481,1394.9559544426672,-0.06353789657214091,2026Q1
2026-03-24,1309.2815513622024,-1,-0.45,70556.74,745.9076522391638,1394.9559544426672,-0.061417281891667085,2026Q1
2026-03-25,1302.828620951222,-1,-0.45,71336.53,754.1513909399538,1394.9559544426672,-0.06604318451635498,2026Q1
2026-03-26,1323.5675074036344,-1,-0.45,68820.31,727.5505622633847,1394.9559544426672,-0.0511761298352642,2026Q1
2026-03-27,1344.5115760276656,-1,-0.45,66407.28,702.0406316446703,1394.9559544426672,-0.036161986516022954,2026Q1
2026-03-28,1344.847696231312,-1,-0.45,66377.03,701.7208364489138,1394.9559544426672,-0.035921032525629205,2026Q1
2026-03-29,1348.2462200669245,-1,-0.45,66010.93,697.8505216996105,1394.9559544426672,-0.03348473779905466,2026Q1
2026-03-30,1341.0783441143424,-1,-0.45,66797.37,706.1645624847569,1394.9559544426672,-0.03862316237063615,2026Q1
2026-03-31,1327.7026944479044,-1,-0.45,68284.48,721.8859057429826,1394.9559544426672,-0.04821174445011982,2026Q1
2026-04-01,1329.254850806725,-1,-0.45,68113.92,720.0827894260168,1394.9559544426672,-0.047099052430076234,2026Q2
2026-04-02,1339.9581061803008,-1,-0.45,66901.99,707.2705781336838,1394.9559544426672,-0.03942622567200696,2026Q2
2026-04-03,1339.4567850361118,-1,-0.45,66964.3,707.9293033782319,1394.9559544426672,-0.03978560701490339,2026Q2
2026-04-04,1336.491458688892,-1,-0.45,67300.42,711.4826773021211,1394.9559544426672,-0.04191135610237518,2026Q2
2026-04-05,1321.0573904187004,-1,-0.45,69034.18,729.8115407267375,1394.9559544426672,-0.05297555366433908,2026Q2
2026-04-06,1322.671424515054,-1,-0.45,68853.66,727.9031298593674,1394.9559544426672,-0.0518185034426362,2026Q2
2026-04-07,1296.1864425437773,-1,-0.45,71924.22,760.3642980009154,1394.9559544426672,-0.07080475307075323,2026Q2
2026-04-08,1303.1731189284621,-1,-0.45,71069.93,751.3329645204938,1394.9559544426672,-0.06579622476386753,2026Q2
2026-04-09,1297.3066448602062,-1,-0.45,71787.97,758.9238981522604,1394.9559544426672,-0.07000171530252743,2026Q2
2026-04-10,1287.8115549316728,-1,-0.45,72962.7,771.3428406418782,1394.9559544426672,-0.07680844629521098,2026Q2
2026-04-11,1287.2304142686514,-1,-0.45,73043.16,772.1934430038802,1394.9559544426672,-0.07722504773783762,2026Q2
2026-04-12,1305.5461239580402,-1,-0.45,70740.98,747.8553899868054,1394.9559544426672,-0.06409509217826834,2026Q2
2026-04-13,1275.0663514603543,-1,-0.45,74417.99,786.7277910693941,1394.9559544426672,-0.08594508134861714,2026Q2
2026-04-14,1277.3323472612728,-1,-0.45,74131.55,783.6996212884861,1394.9559544426672,-0.08432066030958595,2026Q2
2026-04-15,1272.1291175801841,-1,-0.45,74809.99,790.8719139367171,1394.9559544426672,-0.0880506918310239,2026Q2
2026-04-16,1269.5516057302764,-1,-0.45,75154.29,794.5117647102354,1394.9559544426672,-0.08989842891669952,2026Q2
2026-04-17,1255.0302781455732,-1,-0.45,77072.0,814.7853000773111,1394.9559544426672,-0.1003083114212012,2026Q2
2026-04-18,1265.201250355077,-1,-0.45,75691.76,800.1937588875313,1394.9559544426672,-0.09301706170316443,2026Q2
2026-04-19,1279.4748574660634,-1,-0.45,73801.79,780.2134836437707,1394.9559544426672,-0.08278476220616045,2026Q2
2026-04-20,1263.6230822214688,-1,-0.45,75840.97,801.7711685126162,1394.9559544426672,-0.09414840074550625,2026Q2
2026-04-21,1259.9670831240137,-1,-0.45,76336.15,807.0060837203737,1394.9559544426672,-0.09676927138003165,2026Q2
2026-04-22,1261.2965764893725,1,0.7,78178.23,826.4800782393482,1394.9559544426672,-0.09581619944888961,2026Q2
2026-04-23,1262.1915881515802,1,0.7,78257.48,827.3178887935201,1394.9559544426672,-0.0951745937699739,2026Q2
2026-04-24,1252.9297615691487,1,0.7,77437.13,818.6453602368663,1394.9559544426672,-0.10181410561472737,2026Q2
2026-04-25,1255.0575720912354,1,0.7,77625.0,820.6314734079988,1394.9559544426672,-0.10028874525097532,2026Q2
2026-04-26,1266.7437142779531,1,0.7,78657.55,831.5473256188513,1394.9559544426672,-0.09191131788525846,2026Q2
2026-04-27,1252.2438139208862,1,0.7,77371.32,817.9496338952886,1394.9559544426672,-0.10230583988495856,2026Q2
2026-04-28,1240.5909590598624,1,0.7,76342.77,807.0760686524699,1394.9559544426672,-0.11065940461502168,2026Q2
2026-04-29,1234.1893422227854,1,0.7,75780.0,801.1266094023593,1394.9559544426672,-0.11524852215431677,2026Q2
2026-04-30,1240.6485433172195,1,0.7,76346.57,807.116241272102,1394.9559544426672,-0.11061812427410932,2026Q2
2026-05-01,1262.0857032728761,1,0.7,78231.13,827.0393233915968,1394.9559544426672,-0.09525049930546182,2026Q2
2026-05-02,1267.2321250066138,1,0.7,78686.85,831.8570776596997,1394.9559544426672,-0.09156119161273693,2026Q2
2026-05-03,1265.8987160440993,1,0.7,78568.57,830.6066520149371,1394.9559544426672,-0.09251707051218742,2026Q2
2026-05-04,1280.4753934049677,1,0.7,79861.01,844.2699942563726,1394.9559544426672,-0.08206750949598152,2026Q2
2026-05-05,1292.1986178822915,1,0.7,80905.52,855.3122845016467,1394.9559544426672,-0.07366349900375946,2026Q2
2026-05-06,1298.2525786097913,1,0.7,81447.01,861.0367770818165,1394.9559544426672,-0.06932360518258247,2026Q2
2026-05-07,1282.1739470699504,1,0.7,80006.0,845.8027911301816,1394.9559544426672,-0.08084986985684228,2026Q2
2026-05-08,1284.273653946574,1,0.7,80193.17,847.7815040819082,1394.9559544426672,-0.07934465611160786,2026Q2
2026-05-09,1289.7132403050275,1,0.7,80678.4,852.9112304566813,1394.9559544426672,-0.07544518793045892,2026Q2
2026-05-10,1306.85277895657,1,0.7,82210.07,869.1036505388048,1394.9559544426672,-0.06315839235318178,2026Q2
2026-05-11,1301.6849205990463,1,0.7,81745.65,864.1939221152279,1394.9559544426672,-0.0668630672865122,2026Q2
2026-05-12,1287.8500840930747,1,0.7,80504.47,851.072487369147,1394.9559544426672,-0.07678082595259078,2026Q2
2026-05-13,1274.5147450019638,1,0.7,79313.61,838.4830226809325,1394.9559544426672,-0.08634051064990353,2026Q2
2026-05-14,1294.4963818472495,1,0.7,81089.99,857.2624537499503,1394.9559544426672,-0.07201630436822988,2026Q2
2026-05-15,1272.4066739758389,1,0.7,79113.21,836.3644455824339,1394.9559544426672,-0.08785172039054881,2026Q2
2026-05-16,1261.5405592294119,1,0.7,78148.05,826.1610230655325,1394.9559544426672,-0.09564129590497313,2026Q2
2026-05-17,1253.7392172906614,1,0.7,77457.67,818.8625038177204,1394.9559544426672,-0.1012338322957493,2026Q2
2026-05-18,1248.5748735314344,1,0.7,77001.87,814.0439038102567,1394.9559544426672,-0.10493598772422684,2026Q2
2026-05-19,1246.673567187242,1,0.7,76834.36,812.2730313064168,1394.9559544426672,-0.10629897437490712,2026Q2
2026-05-20,1254.827011656275,1,0.7,77552.23,819.862167742042,1394.9559544426672,-0.10045402676701606,2026Q2
2026-05-21,1255.5438524369647,1,0.7,77615.52,820.5312532937584,1394.9559544426672,-0.09994014618289683,2026Q2
2026-05-22,1232.036003697752,1,0.7,75539.5,798.5841054493208,1394.9559544426672,-0.11679218273956711,2026Q2
2026-05-23,1245.879081589325,1,0.7,76752.01,811.4024483520187,1394.9559544426672,-0.10686851608365187,2026Q2
2026-05-24,1249.4350601364456,1,0.7,77064.96,814.7108750135717,1394.9559544426672,-0.10431934703225969,2026Q2
2026-05-25,1252.352301610984,1,0.7,77322.01,817.4283412968504,1394.9559544426672,-0.10222806847593865,2026Q2
2026-05-26,1236.5703517794968,1,0.7,75930.01,802.712476421051,1394.9559544426672,-0.11354165137525857,2026Q2
2026-05-27,1219.690313703532,1,0.7,74449.3,787.0587923116796,1394.9559544426672,-0.1256424191609404,2026Q2
2026-05-28,1197.9109528156753,0,0.0,73617.51,778.2653230264486,1394.9559544426672,-0.14125535720281449,2026Q2
2026-05-29,1197.9109528156753,0,0.0,73460.78,776.6084139014602,1394.9559544426672,-0.14125535720281449,2026Q2
2026-05-30,1197.9109528156753,0,0.0,73884.38,781.086603816251,1394.9559544426672,-0.14125535720281449,2026Q2
2026-05-31,1197.9109528156753,0,0.0,73674.39,778.8666437118909,1394.9559544426672,-0.14125535720281449,2026Q2
2026-06-01,1197.9109528156753,0,0.0,71408.9,754.9164679091072,1394.9559544426672,-0.14125535720281449,2026Q2
2026-06-02,1197.9109528156753,0,0.0,66760.83,705.7782710317672,1394.9559544426672,-0.14125535720281449,2026Q2
2026-06-03,1218.8311829059248,-1,-0.45,64142.75,678.1006047142147,1394.9559544426672,-0.12625830297782434,2026Q2
2026-06-04,1221.0816413441357,-1,-0.45,63885.99,675.3862042361181,1394.9559544426672,-0.1246450201848848,2026Q2
2026-06-05,1259.8590140105923,0,0.0,61056.47,645.4732487882934,1394.9559544426672,-0.09684674272461224,2026Q2
2026-06-06,1261.22764328753,-1,-0.45,60884.62,643.6564949241367,1394.9559544426672,-0.09586561549075302,2026Q2
2026-06-07,1238.469364605753,-1,-0.45,63332.01,669.5296705982623,1394.9559544426672,-0.11218030887536942,2026Q2
2026-06-08,1240.6901284621526,-1,-0.45,63085.99,666.9288106293368,1394.9559544426672,-0.11058831319312092,2026Q2
2026-06-09,1252.7470012887136,-1,-0.45,61730.0,652.5936341832627,1394.9559544426672,-0.10194512070509854,2026Q2
2026-06-10,1254.8035273452417,-1,-0.45,61510.99,650.2783169659862,1394.9559544426672,-0.10047086193013256,2026Q2
2026-06-11,1235.44373961475,-1,-0.45,63625.99,672.6375513139142,1394.9559544426672,-0.11434928416191306,2026Q2
2026-06-12,1235.901115627726,-1,-0.45,63580.01,672.1514626163646,1394.9559544426672,-0.11402140569985883,2026Q2
2026-06-13,1228.2762274395939,-1,-0.45,64458.01,681.433452099807,1394.9559544426672,-0.11948744795291234,2026Q2
2026-06-14,1224.1318616553033,0,0.0,65746.45,695.0545073732086,1394.9559544426672,-0.1224584132877615,2026Q2
2026-06-15,1224.1318616553033,0,0.0,66328.74,701.2103270273245,1394.9559544426672,-0.1224584132877615,2026Q2
2026-06-16,1228.7611912747047,-1,-0.4,65675.01,694.2992621241231,1394.9559544426672,-0.11913979264984248,2026Q2
2026-06-17,1237.5339863623185,-1,-0.4,64509.4,681.9767339216227,1394.9559544426672,-0.11285085208532208,2026Q2
2026-06-18,1249.4885722335912,-1,-0.4,62958.01,665.575839087092,1394.9559544426672,-0.10428098589478065,2026Q2
2026-06-19,1244.8871681797891,-1,-0.4,63543.91,671.7698227298586,1394.9559544426672,-0.107579587574029,2026Q2
2026-06-20,1239.027305514848,-1,-0.4,64298.01,679.7419733784508,1394.9559544426672,-0.1117803386058294,2026Q2
2026-06-21,1246.6774413185528,-1,-0.4,63311.99,669.3180243232526,1394.9559544426672,-0.10629619713215731,2026Q2
2026-06-22,1241.1504319420665,-1,-0.4,64020.01,676.8030291000942,1394.9559544426672,-0.11025833612219775,2026Q2
2026-06-23,1251.168762614108,-1,-0.4,62734.57,663.213689052718,1394.9559544426672,-0.10307651031606031,2026Q2
2026-06-24,1264.4347702309562,-1,-0.4,61077.99,645.7007526763158,1394.9559544426672,-0.09356652716956836,2026Q2
2026-06-25,1275.118222354499,-1,-0.4,59794.0,632.1267416548519,1394.9559544426672,-0.08590789673789197,2026Q2
2026-06-26,1272.582207840676,-1,-0.4,60097.27,635.3328338537626,1394.9559544426672,-0.08772588568997783,2026Q2
2026-06-27,1273.2113913902845,-1,-0.4,60029.0,634.6111010268439,1394.9559544426672,-0.08727484381470947,2026Q2
2026-06-28,1277.0971452533076,-1,-0.4,59577.01,629.8327793564325,1394.9559544426672,-0.08448926922316212,2026Q2
2026-06-29,1271.2899447428524,-1,-0.4,60260.21,637.0553934966238,1394.9559544426672,-0.08865226841461359,2026Q2
2026-06-30,1285.142791869135,-1,-0.4,58624.71,619.7653094417602,1394.9559544426672,-0.07872159850194439,2026Q2
2026-07-01,1272.9238809260553,-1,-0.4,60024.0,634.5582423168016,1394.9559544426672,-0.08748095101351637,2026Q3
2026-07-02,1259.9447479709522,-1,-0.4,61560.0,650.7964380418216,1394.9559544426672,-0.09678528274798226,2026Q3
2026-07-03,1251.6176107845795,-1,-0.4,62583.26,661.6140787694154,1394.9559544426672,-0.1027547451957767,2026Q3
2026-07-04,1247.181666616795,-1,-0.4,63144.01,667.5421831006687,1394.9559544426672,-0.10593473389266488,2026Q3
2026-07-05,1243.2337926139458,-1,-0.4,63650.0,672.8913788395378,1394.9559544426672,-0.10876484045644272,2026Q3
2026-07-06,1240.2205714155734,-1,-0.4,64042.02,677.0357131417007,1394.9559544426672,-0.11092492385461439,2026Q3
2026-07-07,1245.522609130005,-1,-0.4,63363.99,669.8677549076933,1394.9559544426672,-0.10712405996529538,2026Q3
2026-07-08,1254.017178126355,-1,-0.4,62290.0,658.5138097080095,1394.9559544426672,-0.10103457092494515,2026Q3
2026-07-09,1246.4974348257795,-1,-0.4,63230.0,668.4512471959775,1394.9559544426672,-0.10642523811886379,2026Q3
2026-07-10,1239.199940331653,-1,-0.4,64161.72,678.3011506601156,1394.9559544426672,-0.1116565821415087,2026Q3
2026-07-11,1241.897290162388,-1,-0.4,63819.0,674.6780032389703,1394.9559544426672,-0.10972293698078198,2026Q3
2026-07-12,1242.2505491980494,-1,-0.4,63780.0,674.2657053006398,1394.9559544426672,-0.10946969670137642,2026Q3
2026-07-13,1253.562203157225,-1,-0.4,62334.52,658.984463662227,1394.9559544426672,-0.10136072815426915,2026Q3
2026-07-14,1231.8163166968184,-1,-0.4,65043.98,687.628175764514,1394.9559544426672,-0.11694966943313184,2026Q3
2026-07-15,1234.0450853154825,-1,-0.4,64756.28,684.5866855886753,1394.9559544426672,-0.11535193538886618,2026Q3
2026-07-16,1241.153964346184,-1,-0.4,63830.2,674.7964067494653,1394.9559544426672,-0.11025580385291261,2026Q3
2026-07-17,1240.4143607116634,-1,-0.4,63931.67,675.8691214110654,1394.9559544426672,-0.11078600241019686,2026Q3
2026-07-18,1233.4591187382105,-1,-0.4,64834.22,685.410647160816,1394.9559544426672,-0.1157719963774629,2026Q3
2026-07-19,1234.3583676871501,-1,-0.4,64722.54,684.2299950133093,1394.9559544426672,-0.1151273531211108,2026Q3
2026-07-20,1230.3417563898636,-1,-0.4,65255.51,689.8644163515671,1394.9559544426672,-0.11800673528690207,2026Q3
2026-07-21,1220.5814810823535,-1,-0.4,66556.16,703.6145525948923,1394.9559544426672,-0.12500356932773715,2026Q3
2026-07-22,1223.8703697932008,-1,-0.4,66114.49,698.9453313020084,1394.9559544426672,-0.12264586856996572,2026Q3
2026-07-23,1231.4390955539739,-1,-0.4,65098.97,688.2095158575602,1394.9559544426672,-0.11722008739266895,2026Q3
2026-07-24,1238.744828609638,-1,-0.4,64139.99,678.0714267062713,1394.9559544426672,-0.11198283740466981,2026Q3
2026-07-25,1236.9787930441414,-1,-0.4,64375.0,680.5558917956834,1394.9559544426672,-0.11324885269344803,2026Q3
2026-07-26,1229.1498000640229,-1,-0.4,65399.99,691.3918216369518,1394.9559544426672,-0.11886121124511749,2026Q3
2026-07-27,1241.5595972797407,-1,-0.4,63755.86,674.0105034485551,1394.9559544426672,-0.10996501837523151,2026Q3
2026-07-28,1240.3695951209036,-1,-0.4,63915.0,675.6928904717842,1394.9559544426672,-0.110818093452654,2026Q3
2026-07-29,1239.8813941002045,-1,-0.4,63984.28,676.4253007581314,1394.9559544426672,-0.11116806939214102,2026Q3
2026-07-30,1233.762832518257,-1,-0.4,64780.02,684.8376587439565,1394.9559544426672,-0.11555427353174917,2026Q3
2026-07-31,1248.2274016992972,-1,-0.4,62887.88,664.8344428200376,1394.9559544426672,-0.10518507933965067,2026Q3
2026-08-01,1248.7873771555242,-1,-0.4,62823.64,664.1553141134129,1394.9559544426672,-0.10478365056733453,2026Q3
2026-08-02,1242.9027331473146,-1,-0.4,63570.0,672.0456394788597,1394.9559544426672,-0.10900216656382035,2026Q3
2026-08-03,1243.3434992642722,-1,-0.4,63520.0,671.5170523784359,1394.9559544426672,-0.10868619521321693,2026Q3
2026-08-04,1238.8005079743248,-1,-0.4,64106.56,677.7180133709279,1394.9559544426672,-0.11194292262133246,2026Q3
2026-08-05,1234.531573006621,-1,-0.4,64665.23,683.6241284788036,1394.9559544426672,-0.11500318768139255,2026Q3
2026-08-06,1237.1898217898306,-1,-0.4,64323.61,680.0126099738678,1394.9559544426672,-0.1130975728304408,2026Q3
2026-08-07,1232.626235302316,-1,-0.4,64923.19,686.3512150473102,1394.9559544426672,-0.11636906428720005,2026Q3
2026-08-08,1232.3762343992926,-1,-0.4,64962.6,686.7678473998642,1394.9559544426672,-0.11654828206266257,2026Q3
2026-08-09,1232.8885052627625,-1,-0.4,64901.59,686.122865419927,1394.9559544426672,-0.11618105121079345,2026Q3
2026-08-10,1240.016724201818,-1,-0.4,63970.01,676.2744419996704,1394.9559544426672,-0.11107105550350706,2026Q3
2026-08-11,1242.9354001819543,-1,-0.4,63600.0,672.362791739114,1394.9559544426672,-0.10897874859529195,2026Q3
2026-08-12,1243.9232977486718,-1,-0.4,63479.99,671.0940769806767,1394.9559544426672,-0.10827055593618237,2026Q3
2026-08-13,1243.8878499595073,-1,-0.4,63490.86,671.2089918163089,1394.9559544426672,-0.10829596734007046,2026Q3
2026-08-14,1247.4430756525412,-1,-0.4,63043.56,666.4802516159172,1394.9559544426672,-0.10574733798606743,2026Q3
2026-08-15,1247.1569766347754,-1,-0.4,63086.01,666.9290220641772,1394.9559544426672,-0.1059524333633477,2026Q3
2026-08-16,1248.6778258013057,-1,-0.4,62900.0,664.9625723331803,1394.9559544426672,-0.10486218448367039,2026Q3
2026-08-17,1235.767209491931,-1,-0.4,64532.1,682.216712465215,1394.9559544426672,-0.1141173987922347,2026Q3
2026-08-18,1234.3357767162072,-1,-0.4,64725.42,684.2604416302937,1394.9559544426672,-0.11514354787684555,2026Q3
2026-08-19,1199.222842172855,-1,-0.4,69334.79,732.9895120919057,1394.9559544426672,-0.14031490503082894,2026Q3
2026-08-20,1234.8248400884397,1,0.7,73025.15,772.0030459303074,1394.9559544426672,-0.11479295374469754,2026Q3
2026-08-21,1309.7183693881589,1,0.7,78338.03,828.1694426123029,1394.9559544426672,-0.06110414080318666,2026Q3
2026-08-22,1304.6001396620352,1,0.4,77074.93,814.816275281396,1394.9559544426672,-0.06477323853335018,2026Q3
2026-08-23,1309.062409373066,1,0.4,77734.0,821.7837932869228,1394.9559544426672,-0.061574377883435526,2026Q3
2026-08-24,1317.5414908962005,1,0.4,78992.75,835.0909735400927,1394.9559544426672,-0.05549599132497091,2026Q3
2026-08-25,1314.5151372336913,1,0.4,78539.14,830.2955256476276,1394.9559544426672,-0.057665488973173175,2026Q3
2026-08-26,1317.7595179623563,1,0.4,79023.75,835.4186975423554,1394.9559544426672,-0.05533969458638108,2026Q3
2026-08-27,1325.9360428673567,1,0.4,80249.58,848.3778560486064,1394.9559544426672,-0.04947820134069132,2026Q3
2026-08-28,1310.0497754222151,1,0.4,77845.87,822.966454065411,1394.9559544426672,-0.0608665662525345,2026Q3
2026-08-29,1312.6355486699567,1,0.4,78230.0,827.0273773231271,1394.9559544426672,-0.059012906830882936,2026Q3
2026-08-30,1308.9575515810081,1,0.4,77682.0,821.234062702482,1394.9559544426672,-0.06164954713284722,2026Q3
2026-08-31,1315.0188395836924,1,0.4,78581.29,830.7411245732849,1394.9559544426672,-0.0573044006188084,2026Q3
2026-09-01,1307.3725773741103,1,0.4,77439.0,818.6651293944221,1394.9559544426672,-0.06278576523482386,2026Q3
2026-09-02,1306.7040934761555,1,0.4,77340.01,817.6186326530029,1394.9559544426672,-0.06326498029235005,2026Q3
2026-09-03,1333.2663734698351,1,0.4,81270.37,859.1693845734392,1394.9559544426672,-0.04422331814589746,2026Q3
2026-09-04,1322.703972660108,1,0.4,79660.77,842.1531086365953,1394.9559544426672,-0.05179517070230815,2026Q3
2026-09-05,1323.8395676348764,1,0.4,79831.75,843.9606650852046,1394.9559544426672,-0.05098109842199589,2026Q3
2026-09-06,1327.223003857478,1,0.4,80341.83,849.3530992488884,1394.9559544426672,-0.048555619530116875,2026Q3
2026-09-07,1319.0965004178427,1,0.4,79112.01,836.3517594920236,1394.9559544426672,-0.05438125396233964,2026Q3
2026-09-08,1314.7198991177913,1,0.4,78455.8,829.4144766686412,1394.9559544426672,-0.05751870162591117,2026Q3
2026-09-09,1313.7186744214337,1,0.4,78306.43,827.835375564835,1394.9559544426672,-0.058236448084621174,2026Q3
2026-09-10,1302.0575013722787,1,0.4,76568.72,809.464753759285,1394.9559544426672,-0.0665959758618362,2026Q3
2026-09-11,1306.5263013587564,1,0.4,77225.7,816.4101768240141,1394.9559544426672,-0.06339243386307597,2026Q3
2026-09-12,1306.8851719925535,1,0.4,77278.73,816.9707963027236,1394.9559544426672,-0.06313517080566247,2026Q3
2026-09-13,1303.9309676865946,1,0.4,76842.01,812.3539051327816,1394.9559544426672,-0.06525294685196009,2026Q3
2026-09-14,1313.0752146924572,1,0.4,78189.21,826.5961559666014,1394.9559544426672,-0.05869772410335653,2026Q3
2026-09-15,1262.9603591759515,1,0.7,75644.48,799.6939269253705,1394.9559544426672,-0.09462348602931521,2026Q3
2026-09-16,1269.5230732212017,1,0.7,76206.01,805.6302772153905,1394.9559544426672,-0.08991888297403647,2026Q3
2026-09-17,1271.983621384198,1,0.7,76417.01,807.860914779179,1394.9559544426672,-0.08815499347260822,2026Q3
2026-09-18,1324.0301609087273,1,0.7,80883.87,855.0834062871629,1394.9559544426672,-0.05084446810528665,2026Q3
2026-09-19,1328.2254070778133,1,0.7,81249.99,858.9539324713065,1394.9559544426672,-0.04783702822467614,2026Q3
2026-09-20,1327.4016129710217,1,0.7,81178.0,858.1928727641163,1394.9559544426672,-0.04842758028058014,2026Q3
2026-09-21,1380.026513572132,0,0.0,86620.0,915.7242927742461,1394.9559544426672,-0.01070244606862879,2026Q3
2026-09-22,1376.853533262244,1,0.4,86208.56,911.3746552422784,1394.9559544426672,-0.012977055743423721,2026Q3
2026-09-23,1365.2842567328757,1,0.4,84397.6,892.2296533346076,1394.9559544426672,-0.021270705799199482,2026Q3
2026-09-24,1354.4035139368932,1,0.7,84410.24,892.3632801535949,1394.9559544426672,-0.029070767701748778,2026Q3
2026-09-25,1350.9188350266184,1,0.7,84099.99,889.083397195465,1394.9559544426672,-0.031568824288536926,2026Q3
2026-09-26,1354.6644145587325,1,0.7,84433.1,892.6049501759086,1394.9559544426672,-0.028883736261072577,2026Q3
2026-09-27,1355.1012990508148,1,0.7,84472.0,893.0161909400383,1394.9559544426672,-0.02857054752511937,2026Q3
